<!DOCTYPE Library [
<!ELEMENT Library (book*)>
<!ELEMENT book ((title|bname),authors+,publication?,details)>
<!ELEMENT title (#PCDATA)>
<!ELEMENT bname (#PCDATA)>
<!ELEMENT authors (#PCDATA)>
<!ELEMENT publication (#PCDATA)>
<!ELEMENT details (#PCDATA)>
<!ATTLIST details price CDATA #FIXED "1001">
<!ATTLIST details id CDATA #REQUIRED>
<!ATTLIST details sold (india|usa|germany) #REQUIRED>
]>
<Library>
<book>
<title>BOOK1</title>
<!--<bname>Naa peru Book</bname>SO here only either bname or title-->
<authors>DEVAKI</authors>
<publication>JK</publication>
<details price="1001" id="01" sold="india">MY BOOK DETAILS</details>
</book>
</Library>
